"iNMF1","iNMF2","iNMF3","iNMF4","iNMF5","iNMF6","iNMF7","iNMF8","iNMF9","iNMF10","iNMF11","iNMF12","iNMF13","iNMF14","iNMF15","iNMF16","iNMF17","iNMF18","iNMF19","iNMF20"
"AGBL4","AOAH","ST6GAL1","FILIP1L","ARIH1","TUBB2A","PDGFC","CALM1","CASQ2","ROR2","SPATA22","PTPN14","PARPBP","SPARCL1","RORA","RPL35","RPS16","APOC1","COL4A1","DOCK3"
"PTPRD","CD3G","OSBPL10","C9orf84","URI1","NSG1","MS4A4E","MZT2B","TPM1","COL6A2","KCNS3","SWAP70","ARHGAP11A","TCF4","TBX3","RPL24","RPS20","FGR","GSN","LINC01435"
"STXBP5L","PYHIN1","TCL1A","KANSL1L","KAT6A","TMEM130","FAM49A","DYNLRB1","ADIRF","YAP1","CHST9","ID1","ECT2","ESAM","LUZP2","RPS4X","RPL28","SPI1","FBN1","LHFPL3"
"FGF14","APBB1IP","STX7","TCF4-AS1","NAA15","NSG2","SFMBT2","CIRBP","HES4","OSMR","PRIMA1","PTPRM","NEIL3","RHOJ","ADGRV1","RPL7A","RPLP2","NCF2","MXRA8","HS6ST3"
"TENM3","RUNX3","CNR2","ZNF213","MON2","ENO2","MANBA","MYL6B","TBX2","AC012409.2","CADM2","PIK3C2B","KIF2C","TM4SF18","PAM","RACK1","RPL35","HLA-DQA1","COL18A1","ADCY8"
"GRIA2","CNOT6L","HLA-DQB1","AC058822.1","WAC","L1CAM","KCNMA1","PCSK1N","STEAP4","PRRX1","MPZ","PALMD","UBE2C","GJA1","COBLL1","RPLP1","RPL37A","CSF3R","EFEMP2","AC114316.2"
"SEMA6D","CAMK4","DAPP1","AC019197.1","N4BP2L2","PRPH","ADAP2","YWHAH","CSPG4","SERPINE1","COL28A1","SYNJ2","SPC25","KANK3","CREM","RPS6","RPLP0","C5AR1","CYR61","CNTN5"
"SYT1","HLA-B","CD79A","TOM1L1","UBE2K","SARAF","QKI","ANAPC11","KCNAB1","TNC","TSPAN11","KCNJ2","ATAD2","ITGA6","MAP3K5","RPS27A","RPL36","MPEG1","S100A6","AP005230.1"
"UNC79","CCND3","FCRL5","AP000311.1","RBM39","OLFM1","ITPR2","NDUFB7","CCDC102B","FGF7","ADGRG6","CRIM1","AC091057.6","DOCK9","KCNQ1","RPS19","RPL38","FCGR3A","IGFBP7","PTPRD"
"SCN3A","STK4","SP100","KCNQ1","PDS5A","MT-ND5","CPVL","DCTN2","COL18A1","IGFBP7","SPATA6","BMX","DEPDC1B","PALMD","SORBS2","RPS23","RPS7","CYBA","LTBP2","LINC01170"
"ZFHX3","ANKRD44","ANKRD44","ZBTB20-AS5","EHMT1","TUBB","CD86","HSP90AB1","JAG1","PEAK1","RASGEF1C","JAG2","NDC80","PKP4","FHIT","RPSA","RPL3","CTSH","HTRA1","AGBL1"
"SRRM4","EMB","AC120193.1","OMG","ZNF148","NORAD","BMP2K","CKB","ITGA7","PALLD","AC008056.1","THSD7A","NUF2","RAI14","ATRNL1","RPL10A","BAIAP2L1","CTSB","MMP14","ERVMER61-1"
"CAMTA1","GRAP2","MARCH1","RAB11A","GOLGA4","SEZ6L2","CLEC7A","NDUFB2","TAGLN","MYOF","LGI4","FLT1","HJURP","PCAT19","ALAS1","RPS14","RPL27","B2M","IGFBP2","RALYL"
"RYR2","CLEC2D","TMEM156","NUP210L","KMT2C","RTN1","MS4A4A","NLRP1","LPP","FLRT2","CHL1","PODXL","CIT","ELK3","AC098864.1","RPS10","RPS9","C1QB","THY1","DLGAP1"
"SGIP1","TNFAIP8","FCRL2","AC009690.2","MED13","CANX","RAB31","DCTN3","MFGE8","CRISPLD2","ARHGEF26","DOCK9","TTK","PTPRM","TGFBR3","RPS2","RPS12","APOE","IGFBP6","CCSER1"
"CACNA1B","CD6","SP140","AC244517.11","CCNY","VAT1","FMNL2","PSMC5","PDE3A","ADAM12","PLP1","S1PR1","DTL","PODXL","CYB5B","RPL35A","RPL34","C1QC","ITGB1","HCN1"
"RIMS1","B2M","CD83","NBAT1","ATXN2","CLU","DOCK4","CCT3","IGFBP7","ZFPM2","SEMA3B","MET","BUB1B","EMP1","P3H2","RPL28","RPL6","S100A9","MFGE8","MTUS2"
"GLCCI1","MBNL1","ARHGAP24","SNAP25-AS1","GPHN","KIF1A","CD163","UBB","MSRB3","PARD3","NLGN4X","NOTCH4","DLGAP5","RAPGEF4","LONRF2","RPS16","RPL23A","LST1","TAGLN","AL035401.1"
"RIMBP2","FYB1","HLA-DQA1","ZNF565","PRRC2C","MAP1A","ATG7","QDPR","TRPC6","GEM","LINC01505","CD93","CKAP2L","CADPS2","POR","RPL23A","RPS18","HLA-DQB1","PRELP","AC007402.1"
"NCAM1","LCK","STAP1","AC074032.1","COP1","CALM1","DMXL2","ATP5PD","NR2F2-AS1","ADAMTS12","COL8A1","PECAM1","SMC4","ROBO4","MSI2","RPL15","TPT1","MNDA","C1S","MIR3681HG"
"SRRM3","CD69","IRF8","AL359706.1","FOXP1","CHGB","PLA2G7","NDUFA5","LMOD1","ABCA10","GALNT17","CXCL2","POLQ","CD34","PRKAR2B","RPL18","RPL14","C1QA","IGFBP4","AC109779.1"
"RGS7","LINC01934","FCHSD2","ST7-AS2","PAN3","MT-ND2","CSF2RA","PSMB5","LHFPL6","VMP1","ITGB8","LINC00639","KIF23","MAGI1","MEG3","RPL10","RPL11","FGL2","CAVIN1","PEX5L"
"ANK2","CDC42SE2","SYK","STAG3","HNRNPU","IDS","FPR3","MAP1B","GUCY1A2","ERRFI1","IL1RAPL1","CDH5","TROAP","PDLIM1","ATP1B3","RPL13","RPS11","PLAUR","LGALS1","AC011287.1"
"NBEA","ITGA4","CIITA","AL117190.2","AKT3","MT-ND1","ARHGAP18","BEX2","MCAM","EPS8","DST","MMRN2","ESCO2","SASH1","SEMA6A","RPS18","RPLP1","CTSZ","IFITM3","AC008415.1"
"SNAP91","SAMD3","CD37","SLC8A1-AS1","RBM26","MT-CO1","DAPK1","MARCKSL1","MRVI1","EXT1","ADAM23","ENPP2","BUB1","KDR","SH3BP5","RPS5","RPS14","CST3","ISLR","LINC01830"
"CTNND2","PTPN22","SEL1L3","AC012358.3","FAM172A","UCHL1","ATP8B4","YWHAQ","SLC7A2","UACA","KCNMB4","FBLN5","KIF15","PLPP3","PCDH15","RPS24","RPL35A","SLC11A1","POSTN","RIT2"
"CACNA2D1","TXK","RALGPS2","C2orf88","CELF1","CYB561","CD163L1","TCEAL7","SLIT3","SULF1","ADGRB3","FBLN2","CDCA2","ENG","CYP11A1","RPL34","RPS6","AIF1","CCDC80","DNAH14"
"MAP2","PARP8","GNG7","AC001226.2","MARK3","SYT11","MITF","ZNF428","SLC38A11","ARHGAP10","FRMD5","STC1","KIFC1","GALNT18","PSD3","RPS3","RPL13A","HLA-DPB1","MGP","GALNTL6"
"RBFOX1","CYTIP","IGHD","AC011092.2","STAG1","ATP1B1","TFEC","TUBB2A","ABCC9","MSC-AS1","ARHGAP24","MAST4","KIF11","NOSTRIN","COL15A1","RPS3A","RPL8","S100A11","EMILIN1","TMEM132D"
"UNC80","TC2N","MEF2C","AC002429.2","HNRNPC","HSP90AB1","TBXAS1","YWHAE","RNF152","ADAMTSL3","SORCS1","DEPP1","PBK","SLCO2A1","CACNB2","RPL9","RPS24","SRGN","SERPINH1","DPP10"
"MAP7","RIPOR2","RUBCNL","DUOX1","PUM2","MT-CYB","CTSB","SKP1","ANO1","FHL2","GPM6B","CLEC14A","BIRC5","PTPRB","CALN1","RPS28","RPS2","FTH1","CTGF","GABRG3"
"SORBS2","ETS1","CD74","SLC13A4","PPP6R3","STMN2","RGS1","FIS1","PDE1A","SVIL","GINS3","STOM","BRIP1","ERG","SLC23A2","RPL12","RPL30","CD14","IGFBP5","CNTNAP5"
"NXPH1","PDE3B","BLNK","AL031428.1","ARID4B","PEG10","SLC9A9","H3F3A","MYL9","NFIA","NTM","PCSK5","CDC25C","ANO2","FGF12","RPL30","RPS27A","LAPTM5","VIM","MYO3B"
"BMPR1B","PRKCQ","CD22","BCL2L14","SMARCC1","GNAS","FCHO2","EID1","EBF2","SVEP1","EHBP1","EPAS1","CENPE","ARHGAP29","ZNF331","RPL36","RPL29","NPC2","DCN","TRHDE"
"TMEM178B","PRKCH","CD79B","PDE5A","SCFD2","NFE2L1","FRMD4B","COX6A1","RBPMS","LHFPL6","INSC","PTPRB","ANLN","EMCN","RBM47","RPL21","RPL27A","FCN1","THBS2","AC113414.1"
"PCLO","STK17B","LYN","RBMS3-AS3","TCF12","MT-ND4","PLXDC2","PCBD1","AC131025.2","NR2F2-AS1","AL139383.1","SLC45A4","NCAPG","GRB10","LRMDA","RPL14","RPL32","PSAP","AEBP1","MDGA2"
"CACNA2D3","THEMIS","RCSD1","MAK","RBM6","MT-ND3","RAB20","TBCB","TINAGL1","CALD1","GULP1","ADAMTS1","MELK","HSPG2","ERN1","RPL29","RPL7","HLA-DRB1","COL6A3","SGCZ"
"PTPRN2","CD2","PRKCB","STARD4-AS1","TNRC6A","TUBA1A","NPL","TUBB2B","CRISPLD2","PLEKHH2","SEMA3C","MCTP1","KIF14","CALCRL","FAM166B","RPL41","RPS4X","FCER1G","COL5A1","AC109466.1"
"MAGI2","SLFN12L","ADAM28","SPDYE3","NKTR","MT-ATP6","IL18","STMN1","CACNA1C","ABCA9","ZNF536","CLDN5","NUSAP1","PECAM1","TBC1D4","RPS12","APOO","ITGB2","C1R","USH2A"
"DPP6","RHOH","WDFY4","AL109930.1","NIPBL","NEFL","SELENOP","MLLT11","RCAN2","ABCA6","KIRREL3","SEMA3G","CDK1","PLEKHG1","SOAT1","RPS29","RPS8","CD74","FSTL1","CSMD1"
"FAM155A","STAT4","BCL11A","PDXDC1","KANSL1","MT-CO2","MS4A6A","BEX1","MYH11","CDH11","NKAIN3","DLL4","KNL1","WWTR1","C2CD2","RPS26","RPS15","AC020656.1","LUM","SNTG1"
"EML5","BCL11B","IGHM","AC093879.1","USP34","MT-CO3","LGMN","PRDX5","EPS8","BNC2","NRXN3","PREX2","KIF18B","FLT1","DPP10","RPL32","RPL10","HLA-DPA1","TIMP1","CSMD3"
"NRG1","ARHGAP15","AFF3","AC012404.1","ANKRD11","PCSK1N","LRMDA","VAMP2","ACTA2","CCDC102B","FIGN","EFNB2","TPX2","INSR","CYP21A2","RPS21","RPL41","SERPINA1","FN1","CNBD1"
"CNTNAP2","ITK","PAX5","AP000462.1","DYRK1A","SERINC1","ABCA1","UCHL1","CALD1","COL6A3","IL1RAPL2","PLPP1","AURKB","CXorf36","CPEB4","RPS27","RPS3","CD68","COL6A2","AL589740.1"
"KCNQ5","IKZF1","LINC00926","AC009554.1","BRWD1","TIMP2","MSR1","PEBP1","ENPEP","CFH","XKR4","VEGFC","GTSE1","SPRY1","STAR","RPS25","RPS19","GRN","COL6A1","EYS"
"LINGO2","IL7R","FAM129C","AC015923.1","TTC17","SYT4","MERTK","PRDX2","EDNRA","C7","STARD13","MECOM","CENPF","EGFL7","CYP11B1","RPS15A","RPL15","FTL","BGN","CDH18"
"CTNNA2","CD96","BLK","AP003086.2","ASH1L","YWHAG","SAT1","GABARAPL2","PDGFRB","EGFR","SLC35F1","TM4SF1","MKI67","PLVAP","FDX1","RPL37","RPS23","TYROBP","SPARC","LRP1B"
"MYT1L","CD247","FCRL1","AC010127.1","ANKRD17","PTPRN","SLC1A3","BEX3","NOTCH3","PARD3B","PTPRZ1","IGFBP3","DIAPH3","ADGRL4","SCARB1","RPL26","RPL19","HLA-DRA","COL3A1","AL391117.1"
"RIMS2","SKAP1","MS4A1","CRLF3","ZCCHC7","MAP1B","SLCO2B1","TUBA1A","CARMN","BICC1","NRXN1","GJA5","ASPM","VWF","GRAMD1B","RPL39","EEF1A1","CTSS","COL1A2","GPC5"
"AUTS2","PTPRC","BANK1","RBMS3-AS2","BIRC6","SCG2","RBM47","CALM2","PRKG1","LAMA2","CDH19","ARL15","TOP2A","LDB2","RALYL","RPL18A","RPL13","LYZ","COL1A1","PCDH15"
